{"SC":{"mediana":653,"media":649.5376527423,"desvio_padrao":97.2334927934},"RS":{"mediana":650,"media":651.1051428571,"desvio_padrao":95.1365984138},"PR":{"mediana":650,"media":648.9612940497,"desvio_padrao":98.6071859131}}